"ComputerName","Enabled","LastLogonDate","Error"
"BRPPYWN3103467","N/A","N/A","Cannot find an object with identity: 'BRPPYWN3103467' under: 'DC=phx-dc,DC=dhl,DC=com'."
"BRQHBWD3085712","N/A","N/A","Cannot find an object with identity: 'BRQHBWD3085712' under: 'DC=phx-dc,DC=dhl,DC=com'."
"BRRIOWD3064596","N/A","N/A","Cannot find an object with identity: 'BRRIOWD3064596' under: 'DC=phx-dc,DC=dhl,DC=com'."
"BRJDIWN3088090","N/A","N/A","Cannot find an object with identity: 'BRJDIWN3088090' under: 'DC=phx-dc,DC=dhl,DC=com'."
"BRCPQWN3002103","N/A","N/A","Cannot find an object with identity: 'BRCPQWN3002103' under: 'DC=phx-dc,DC=dhl,DC=com'."
"BRACAWN3133150","N/A","N/A","Cannot find an object with identity: 'BRACAWN3133150' under: 'DC=phx-dc,DC=dhl,DC=com'."
"BRRIOWN3088234","N/A","N/A","Cannot find an object with identity: 'BRRIOWN3088234' under: 'DC=phx-dc,DC=dhl,DC=com'."
"BRBRIWN3086343","N/A","N/A","Cannot find an object with identity: 'BRBRIWN3086343' under: 'DC=phx-dc,DC=dhl,DC=com'."
"BRJUNWN3089383","N/A","N/A","Cannot find an object with identity: 'BRJUNWN3089383' under: 'DC=phx-dc,DC=dhl,DC=com'."
"BRRIOWD3118548","N/A","N/A","Cannot find an object with identity: 'BRRIOWD3118548' under: 'DC=phx-dc,DC=dhl,DC=com'."
"BRCPQWN3002108","N/A","N/A","Cannot find an object with identity: 'BRCPQWN3002108' under: 'DC=phx-dc,DC=dhl,DC=com'."
"BRGRUWN3122142","N/A","N/A","Cannot find an object with identity: 'BRGRUWN3122142' under: 'DC=phx-dc,DC=dhl,DC=com'."
"BRBRIWN3129049","N/A","N/A","Cannot find an object with identity: 'BRBRIWN3129049' under: 'DC=phx-dc,DC=dhl,DC=com'."
"BRCPQWN3002096","N/A","N/A","Cannot find an object with identity: 'BRCPQWN3002096' under: 'DC=phx-dc,DC=dhl,DC=com'."
"BRBRIWN3090977","N/A","N/A","Cannot find an object with identity: 'BRBRIWN3090977' under: 'DC=phx-dc,DC=dhl,DC=com'."
"BRCPQWN3002094","N/A","N/A","Cannot find an object with identity: 'BRCPQWN3002094' under: 'DC=phx-dc,DC=dhl,DC=com'."
"BRGYNWD3112469","N/A","N/A","Cannot find an object with identity: 'BRGYNWD3112469' under: 'DC=phx-dc,DC=dhl,DC=com'."
"BRJRIWD3134829","True","25/02/2025 12:59:46",
"BRVINWD3120250","N/A","N/A","Cannot find an object with identity: 'BRVINWD3120250' under: 'DC=phx-dc,DC=dhl,DC=com'."
"BRLOZWD3087111","N/A","N/A","Cannot find an object with identity: 'BRLOZWD3087111' under: 'DC=phx-dc,DC=dhl,DC=com'."
"BRJDIWN3129131","N/A","N/A","Cannot find an object with identity: 'BRJDIWN3129131' under: 'DC=phx-dc,DC=dhl,DC=com'."
"BRRIOWN3090686","N/A","N/A","Cannot find an object with identity: 'BRRIOWN3090686' under: 'DC=phx-dc,DC=dhl,DC=com'."
"BRETOWN3116104","N/A","N/A","Cannot find an object with identity: 'BRETOWN3116104' under: 'DC=phx-dc,DC=dhl,DC=com'."
"BRQOCWD3118546","N/A","N/A","Cannot find an object with identity: 'BRQOCWD3118546' under: 'DC=phx-dc,DC=dhl,DC=com'."
"BRBRIWN3128296","N/A","N/A","Cannot find an object with identity: 'BRBRIWN3128296' under: 'DC=phx-dc,DC=dhl,DC=com'."
"BRRAOWN3084796","N/A","N/A","Cannot find an object with identity: 'BRRAOWN3084796' under: 'DC=phx-dc,DC=dhl,DC=com'."
"BRGRUWD3121602","N/A","N/A","Cannot find an object with identity: 'BRGRUWD3121602' under: 'DC=phx-dc,DC=dhl,DC=com'."
"BRJDIWN3129164","N/A","N/A","Cannot find an object with identity: 'BRJDIWN3129164' under: 'DC=phx-dc,DC=dhl,DC=com'."
"BRCPQWN3002089","N/A","N/A","Cannot find an object with identity: 'BRCPQWN3002089' under: 'DC=phx-dc,DC=dhl,DC=com'."
"BRPPYWN3120443","N/A","N/A","Cannot find an object with identity: 'BRPPYWN3120443' under: 'DC=phx-dc,DC=dhl,DC=com'."
"BRRIOWD3107719","N/A","N/A","Cannot find an object with identity: 'BRRIOWD3107719' under: 'DC=phx-dc,DC=dhl,DC=com'."
"BRLOZWN3086970","N/A","N/A","Cannot find an object with identity: 'BRLOZWN3086970' under: 'DC=phx-dc,DC=dhl,DC=com'."
"BRIDUWN3131914","N/A","N/A","Cannot find an object with identity: 'BRIDUWN3131914' under: 'DC=phx-dc,DC=dhl,DC=com'."
"BRCPQWN3086331","N/A","N/A","Cannot find an object with identity: 'BRCPQWN3086331' under: 'DC=phx-dc,DC=dhl,DC=com'."
"BRJDIWN3137555","N/A","N/A","Cannot find an object with identity: 'BRJDIWN3137555' under: 'DC=phx-dc,DC=dhl,DC=com'."
"BRPPYWD3112924","N/A","N/A","Cannot find an object with identity: 'BRPPYWD3112924' under: 'DC=phx-dc,DC=dhl,DC=com'."
"BRJDIWN3088320","N/A","N/A","Cannot find an object with identity: 'BRJDIWN3088320' under: 'DC=phx-dc,DC=dhl,DC=com'."
"BRCPQWN3002098","N/A","N/A","Cannot find an object with identity: 'BRCPQWN3002098' under: 'DC=phx-dc,DC=dhl,DC=com'."
"BRCPQWN3084074","N/A","N/A","Cannot find an object with identity: 'BRCPQWN3084074' under: 'DC=phx-dc,DC=dhl,DC=com'."
"BRCPSWN3090323","N/A","N/A","Cannot find an object with identity: 'BRCPSWN3090323' under: 'DC=phx-dc,DC=dhl,DC=com'."
"BRCAPWN3085477","N/A","N/A","Cannot find an object with identity: 'BRCAPWN3085477' under: 'DC=phx-dc,DC=dhl,DC=com'."
"BRCPQWN3002115","N/A","N/A","Cannot find an object with identity: 'BRCPQWN3002115' under: 'DC=phx-dc,DC=dhl,DC=com'."
"BRJDIWN3137534","N/A","N/A","Cannot find an object with identity: 'BRJDIWN3137534' under: 'DC=phx-dc,DC=dhl,DC=com'."
"BRGRUWD3085165","N/A","N/A","Cannot find an object with identity: 'BRGRUWD3085165' under: 'DC=phx-dc,DC=dhl,DC=com'."
"BRCPQWN3002138","N/A","N/A","Cannot find an object with identity: 'BRCPQWN3002138' under: 'DC=phx-dc,DC=dhl,DC=com'."
"BRRAOWN3124718","N/A","N/A","Cannot find an object with identity: 'BRRAOWN3124718' under: 'DC=phx-dc,DC=dhl,DC=com'."
"BRJUNWN3087738","N/A","N/A","Cannot find an object with identity: 'BRJUNWN3087738' under: 'DC=phx-dc,DC=dhl,DC=com'."
"BRBRIWN3129113","N/A","N/A","Cannot find an object with identity: 'BRBRIWN3129113' under: 'DC=phx-dc,DC=dhl,DC=com'."
"BREXAWN3131790","N/A","N/A","Cannot find an object with identity: 'BREXAWN3131790' under: 'DC=phx-dc,DC=dhl,DC=com'."
"BRJDIWN3090915","N/A","N/A","Cannot find an object with identity: 'BRJDIWN3090915' under: 'DC=phx-dc,DC=dhl,DC=com'."
"BRJDIWN3131828","N/A","N/A","Cannot find an object with identity: 'BRJDIWN3131828' under: 'DC=phx-dc,DC=dhl,DC=com'."
"BRITTWN3084394","N/A","N/A","Cannot find an object with identity: 'BRITTWN3084394' under: 'DC=phx-dc,DC=dhl,DC=com'."
"BRRIOWN3002123","N/A","N/A","Cannot find an object with identity: 'BRRIOWN3002123' under: 'DC=phx-dc,DC=dhl,DC=com'."
"BRETOWN3145342","N/A","N/A","Cannot find an object with identity: 'BRETOWN3145342' under: 'DC=phx-dc,DC=dhl,DC=com'."
"BRJUNWN3087744","N/A","N/A","Cannot find an object with identity: 'BRJUNWN3087744' under: 'DC=phx-dc,DC=dhl,DC=com'."
"BRTRFWD3085873","N/A","N/A","Cannot find an object with identity: 'BRTRFWD3085873' under: 'DC=phx-dc,DC=dhl,DC=com'."
"BRIOAWD3117642","N/A","N/A","Cannot find an object with identity: 'BRIOAWD3117642' under: 'DC=phx-dc,DC=dhl,DC=com'."
"BRRIOWN3088076","N/A","N/A","Cannot find an object with identity: 'BRRIOWN3088076' under: 'DC=phx-dc,DC=dhl,DC=com'."
"BRGRUWD3112782","N/A","N/A","Cannot find an object with identity: 'BRGRUWD3112782' under: 'DC=phx-dc,DC=dhl,DC=com'."
"BRLOZWN3085948","N/A","N/A","Cannot find an object with identity: 'BRLOZWN3085948' under: 'DC=phx-dc,DC=dhl,DC=com'."
"BRRIOWN3090563","N/A","N/A","Cannot find an object with identity: 'BRRIOWN3090563' under: 'DC=phx-dc,DC=dhl,DC=com'."
"BREXAWN3090347","N/A","N/A","Cannot find an object with identity: 'BREXAWN3090347' under: 'DC=phx-dc,DC=dhl,DC=com'."
"BRBTIWN3131799","N/A","N/A","Cannot find an object with identity: 'BRBTIWN3131799' under: 'DC=phx-dc,DC=dhl,DC=com'."
"BRQOCWD3102325","N/A","N/A","Cannot find an object with identity: 'BRQOCWD3102325' under: 'DC=phx-dc,DC=dhl,DC=com'."
"BRLRAWN3133655","N/A","N/A","Cannot find an object with identity: 'BRLRAWN3133655' under: 'DC=phx-dc,DC=dhl,DC=com'."
"BRCPQWN3002091","N/A","N/A","Cannot find an object with identity: 'BRCPQWN3002091' under: 'DC=phx-dc,DC=dhl,DC=com'."
"BRJDIWN3075957","N/A","N/A","Cannot find an object with identity: 'BRJDIWN3075957' under: 'DC=phx-dc,DC=dhl,DC=com'."
"BRJGUWD3115871","True","21/02/2025 12:48:46",
"BRLOZWD3084096","N/A","N/A","Cannot find an object with identity: 'BRLOZWD3084096' under: 'DC=phx-dc,DC=dhl,DC=com'."
"BRCPQWN3085906","N/A","N/A","Cannot find an object with identity: 'BRCPQWN3085906' under: 'DC=phx-dc,DC=dhl,DC=com'."
"BRCPQWN3002090","N/A","N/A","Cannot find an object with identity: 'BRCPQWN3002090' under: 'DC=phx-dc,DC=dhl,DC=com'."
"BRJDIWN3090570","N/A","N/A","Cannot find an object with identity: 'BRJDIWN3090570' under: 'DC=phx-dc,DC=dhl,DC=com'."
"BRJDIWN3082561","N/A","N/A","Cannot find an object with identity: 'BRJDIWN3082561' under: 'DC=phx-dc,DC=dhl,DC=com'."
"BRJUNWN3083528","N/A","N/A","Cannot find an object with identity: 'BRJUNWN3083528' under: 'DC=phx-dc,DC=dhl,DC=com'."
"BRBRIWN3118283","N/A","N/A","Cannot find an object with identity: 'BRBRIWN3118283' under: 'DC=phx-dc,DC=dhl,DC=com'."
"BRBRIWN3128293","N/A","N/A","Cannot find an object with identity: 'BRBRIWN3128293' under: 'DC=phx-dc,DC=dhl,DC=com'."
"BRMAOWN3082404","N/A","N/A","Cannot find an object with identity: 'BRMAOWN3082404' under: 'DC=phx-dc,DC=dhl,DC=com'."
"BRPPYWD3112944","N/A","N/A","Cannot find an object with identity: 'BRPPYWD3112944' under: 'DC=phx-dc,DC=dhl,DC=com'."
"BRBRIWD3084566","N/A","N/A","Cannot find an object with identity: 'BRBRIWD3084566' under: 'DC=phx-dc,DC=dhl,DC=com'."
"BRCPQWN3125300","N/A","N/A","Cannot find an object with identity: 'BRCPQWN3125300' under: 'DC=phx-dc,DC=dhl,DC=com'."
"BRJDIWN3129356","N/A","N/A","Cannot find an object with identity: 'BRJDIWN3129356' under: 'DC=phx-dc,DC=dhl,DC=com'."
"BRJGUWN3085472","N/A","N/A","Cannot find an object with identity: 'BRJGUWN3085472' under: 'DC=phx-dc,DC=dhl,DC=com'."
"BRCRUWN3086324","N/A","N/A","Cannot find an object with identity: 'BRCRUWN3086324' under: 'DC=phx-dc,DC=dhl,DC=com'."
"BRLOZWD3087126","N/A","N/A","Cannot find an object with identity: 'BRLOZWD3087126' under: 'DC=phx-dc,DC=dhl,DC=com'."
"BRJDIWN3150676","N/A","N/A","Cannot find an object with identity: 'BRJDIWN3150676' under: 'DC=phx-dc,DC=dhl,DC=com'."
"BRJOIWN3116736","N/A","N/A","Cannot find an object with identity: 'BRJOIWN3116736' under: 'DC=phx-dc,DC=dhl,DC=com'."
"BRBSBWN3090577","N/A","N/A","Cannot find an object with identity: 'BRBSBWN3090577' under: 'DC=phx-dc,DC=dhl,DC=com'."
"BRBSBWD3088920","N/A","N/A","Cannot find an object with identity: 'BRBSBWD3088920' under: 'DC=phx-dc,DC=dhl,DC=com'."
"BRCPQWN3084528","N/A","N/A","Cannot find an object with identity: 'BRCPQWN3084528' under: 'DC=phx-dc,DC=dhl,DC=com'."
"BRGRUWN3124745","N/A","N/A","Cannot find an object with identity: 'BRGRUWN3124745' under: 'DC=phx-dc,DC=dhl,DC=com'."
"BRPPYWD3077237","N/A","N/A","Cannot find an object with identity: 'BRPPYWD3077237' under: 'DC=phx-dc,DC=dhl,DC=com'."
"BRBRIWN3128303","N/A","N/A","Cannot find an object with identity: 'BRBRIWN3128303' under: 'DC=phx-dc,DC=dhl,DC=com'."
"BRRAOWN3087661","N/A","N/A","Cannot find an object with identity: 'BRRAOWN3087661' under: 'DC=phx-dc,DC=dhl,DC=com'."
"BRGRUWN3088216","N/A","N/A","Cannot find an object with identity: 'BRGRUWN3088216' under: 'DC=phx-dc,DC=dhl,DC=com'."
"BRARMWN3086319","N/A","N/A","Cannot find an object with identity: 'BRARMWN3086319' under: 'DC=phx-dc,DC=dhl,DC=com'."
"BRCPQWN3085790","N/A","N/A","Cannot find an object with identity: 'BRCPQWN3085790' under: 'DC=phx-dc,DC=dhl,DC=com'."
"BRPPYWN3120444","N/A","N/A","Cannot find an object with identity: 'BRPPYWN3120444' under: 'DC=phx-dc,DC=dhl,DC=com'."
"BRCPQWN3125180","N/A","N/A","Cannot find an object with identity: 'BRCPQWN3125180' under: 'DC=phx-dc,DC=dhl,DC=com'."
"BRPPYWN3084046","N/A","N/A","Cannot find an object with identity: 'BRPPYWN3084046' under: 'DC=phx-dc,DC=dhl,DC=com'."
"BRSODWD3135053","N/A","N/A","Cannot find an object with identity: 'BRSODWD3135053' under: 'DC=phx-dc,DC=dhl,DC=com'."
"BRCPQWN3085379","N/A","N/A","Cannot find an object with identity: 'BRCPQWN3085379' under: 'DC=phx-dc,DC=dhl,DC=com'."
"BRCGEWD3113524","N/A","N/A","Cannot find an object with identity: 'BRCGEWD3113524' under: 'DC=phx-dc,DC=dhl,DC=com'."
"BRRIOWN3090602","N/A","N/A","Cannot find an object with identity: 'BRRIOWN3090602' under: 'DC=phx-dc,DC=dhl,DC=com'."
"BRJDIWN3091057","N/A","N/A","Cannot find an object with identity: 'BRJDIWN3091057' under: 'DC=phx-dc,DC=dhl,DC=com'."
"BRLOZWD3084741","N/A","N/A","Cannot find an object with identity: 'BRLOZWD3084741' under: 'DC=phx-dc,DC=dhl,DC=com'."
"BRPPYWD3077233","N/A","N/A","Cannot find an object with identity: 'BRPPYWD3077233' under: 'DC=phx-dc,DC=dhl,DC=com'."
"BRLOZWN3117574","N/A","N/A","Cannot find an object with identity: 'BRLOZWN3117574' under: 'DC=phx-dc,DC=dhl,DC=com'."
"BRQSBWN3090709","N/A","N/A","Cannot find an object with identity: 'BRQSBWN3090709' under: 'DC=phx-dc,DC=dhl,DC=com'."
"BRGYNWN3088082","N/A","N/A","Cannot find an object with identity: 'BRGYNWN3088082' under: 'DC=phx-dc,DC=dhl,DC=com'."
"BRCPQWD3002013","N/A","N/A","Cannot find an object with identity: 'BRCPQWD3002013' under: 'DC=phx-dc,DC=dhl,DC=com'."
"BRARMWN3081875","N/A","N/A","Cannot find an object with identity: 'BRARMWN3081875' under: 'DC=phx-dc,DC=dhl,DC=com'."
"BRBSBWN3130775","N/A","N/A","Cannot find an object with identity: 'BRBSBWN3130775' under: 'DC=phx-dc,DC=dhl,DC=com'."
"BRBRIWD3095395","N/A","N/A","Cannot find an object with identity: 'BRBRIWD3095395' under: 'DC=phx-dc,DC=dhl,DC=com'."
"BRLOZWN3084130","N/A","N/A","Cannot find an object with identity: 'BRLOZWN3084130' under: 'DC=phx-dc,DC=dhl,DC=com'."
"BRBRIWN3084552","N/A","N/A","Cannot find an object with identity: 'BRBRIWN3084552' under: 'DC=phx-dc,DC=dhl,DC=com'."
"BRRAOWN3129486","N/A","N/A","Cannot find an object with identity: 'BRRAOWN3129486' under: 'DC=phx-dc,DC=dhl,DC=com'."
"BRBRIWN3128283","N/A","N/A","Cannot find an object with identity: 'BRBRIWN3128283' under: 'DC=phx-dc,DC=dhl,DC=com'."
"BRLOZWN3084657","N/A","N/A","Cannot find an object with identity: 'BRLOZWN3084657' under: 'DC=phx-dc,DC=dhl,DC=com'."
"BRAPSWD3061450","N/A","N/A","Cannot find an object with identity: 'BRAPSWD3061450' under: 'DC=phx-dc,DC=dhl,DC=com'."
"BRJDIWN3132437","N/A","N/A","Cannot find an object with identity: 'BRJDIWN3132437' under: 'DC=phx-dc,DC=dhl,DC=com'."
"BRGRUWN3150688","N/A","N/A","Cannot find an object with identity: 'BRGRUWN3150688' under: 'DC=phx-dc,DC=dhl,DC=com'."
"BRLOZWD3108697","N/A","N/A","Cannot find an object with identity: 'BRLOZWD3108697' under: 'DC=phx-dc,DC=dhl,DC=com'."
"BRCWBWN3132234","N/A","N/A","Cannot find an object with identity: 'BRCWBWN3132234' under: 'DC=phx-dc,DC=dhl,DC=com'."
"BRLOZWN3129206","N/A","N/A","Cannot find an object with identity: 'BRLOZWN3129206' under: 'DC=phx-dc,DC=dhl,DC=com'."
"BRQDQWN3080395","N/A","N/A","Cannot find an object with identity: 'BRQDQWN3080395' under: 'DC=phx-dc,DC=dhl,DC=com'."
"BRLOZWN3086332","N/A","N/A","Cannot find an object with identity: 'BRLOZWN3086332' under: 'DC=phx-dc,DC=dhl,DC=com'."
"BRBRIWN3125103","N/A","N/A","Cannot find an object with identity: 'BRBRIWN3125103' under: 'DC=phx-dc,DC=dhl,DC=com'."
"BRCPQWN3002189","N/A","N/A","Cannot find an object with identity: 'BRCPQWN3002189' under: 'DC=phx-dc,DC=dhl,DC=com'."
"BRIEVWN3085016","N/A","N/A","Cannot find an object with identity: 'BRIEVWN3085016' under: 'DC=phx-dc,DC=dhl,DC=com'."
"BRLOZWN3085946","N/A","N/A","Cannot find an object with identity: 'BRLOZWN3085946' under: 'DC=phx-dc,DC=dhl,DC=com'."
"BRCPQWN3090272","N/A","N/A","Cannot find an object with identity: 'BRCPQWN3090272' under: 'DC=phx-dc,DC=dhl,DC=com'."
"BRCPQWD3002117","N/A","N/A","Cannot find an object with identity: 'BRCPQWD3002117' under: 'DC=phx-dc,DC=dhl,DC=com'."
"BRCPQWN3093470","N/A","N/A","Cannot find an object with identity: 'BRCPQWN3093470' under: 'DC=phx-dc,DC=dhl,DC=com'."
"BRPPYWD3088419","N/A","N/A","Cannot find an object with identity: 'BRPPYWD3088419' under: 'DC=phx-dc,DC=dhl,DC=com'."
"BRCPQWN3125247","N/A","N/A","Cannot find an object with identity: 'BRCPQWN3125247' under: 'DC=phx-dc,DC=dhl,DC=com'."
"BRBRIWD3100542","N/A","N/A","Cannot find an object with identity: 'BRBRIWD3100542' under: 'DC=phx-dc,DC=dhl,DC=com'."
"BRBRIWN3129070","N/A","N/A","Cannot find an object with identity: 'BRBRIWN3129070' under: 'DC=phx-dc,DC=dhl,DC=com'."
"BRNSRWN3091108","N/A","N/A","Cannot find an object with identity: 'BRNSRWN3091108' under: 'DC=phx-dc,DC=dhl,DC=com'."
"BRGRUWD3085173","N/A","N/A","Cannot find an object with identity: 'BRGRUWD3085173' under: 'DC=phx-dc,DC=dhl,DC=com'."
"BRBRIWN3090847","N/A","N/A","Cannot find an object with identity: 'BRBRIWN3090847' under: 'DC=phx-dc,DC=dhl,DC=com'."
"BRQOCWN3118549","N/A","N/A","Cannot find an object with identity: 'BRQOCWN3118549' under: 'DC=phx-dc,DC=dhl,DC=com'."
"BRLOZWN3117376","N/A","N/A","Cannot find an object with identity: 'BRLOZWN3117376' under: 'DC=phx-dc,DC=dhl,DC=com'."
"BRLOZWN3117387","N/A","N/A","Cannot find an object with identity: 'BRLOZWN3117387' under: 'DC=phx-dc,DC=dhl,DC=com'."
"BRLOZWN3088206","N/A","N/A","Cannot find an object with identity: 'BRLOZWN3088206' under: 'DC=phx-dc,DC=dhl,DC=com'."
"BRLOZWD3084115","N/A","N/A","Cannot find an object with identity: 'BRLOZWD3084115' under: 'DC=phx-dc,DC=dhl,DC=com'."
"BRBRIWN3129069","N/A","N/A","Cannot find an object with identity: 'BRBRIWN3129069' under: 'DC=phx-dc,DC=dhl,DC=com'."
"BRAPSWN3061269","N/A","N/A","Cannot find an object with identity: 'BRAPSWN3061269' under: 'DC=phx-dc,DC=dhl,DC=com'."
"BRCPQWD3002154","N/A","N/A","Cannot find an object with identity: 'BRCPQWD3002154' under: 'DC=phx-dc,DC=dhl,DC=com'."
"BRCPSWN3129610","N/A","N/A","Cannot find an object with identity: 'BRCPSWN3129610' under: 'DC=phx-dc,DC=dhl,DC=com'."
